record_id,timestamp,motor_id,rpm,temperature_c,vibration_mm_s,current_a,fault_label,severity,work_order,maintenance_report,model,temperature,top_p,prompt_template,validation_status
1,2026-01-01T00:00:00,MTR-1000,1656,46.6,4.31,32.9,Operação normal,baixa,WO-20260000,"Inspeção do motor MTR-1000: temperatura 46.6°C, vibração 4.31 mm/s, corrente 32.9 A. Diagnóstico: Operação normal. Ação recomendada: manter monitoramento padrão.",gemma-2-9b-it,0.2,0.95,zero_shot_diag_v1,aprovado
2,2026-01-01T06:00:00,MTR-1001,2928,47.1,2.26,33.6,Operação normal,baixa,WO-20260001,"Inspeção do motor MTR-1001: temperatura 47.1°C, vibração 2.26 mm/s, corrente 33.6 A. Diagnóstico: Operação normal. Ação recomendada: manter monitoramento padrão.",gemma-2-9b-it,0.2,0.95,few_shot_os_v2,aprovado
3,2026-01-01T12:00:00,MTR-1002,3432,72.3,6.28,37.3,Operação normal,baixa,WO-20260002,"Inspeção do motor MTR-1002: temperatura 72.3°C, vibração 6.28 mm/s, corrente 37.3 A. Diagnóstico: Operação normal. Ação recomendada: manter monitoramento padrão.",gpt-4.1-mini,0.2,0.95,roleplay_engineer_v1,aprovado
4,2026-01-01T18:00:00,MTR-1003,2593,63.1,3.63,76.1,Operação normal,baixa,WO-20260003,"Inspeção do motor MTR-1003: temperatura 63.1°C, vibração 3.63 mm/s, corrente 76.1 A. Diagnóstico: Operação normal. Ação recomendada: manter monitoramento padrão.",gpt-4.1-mini,0.2,0.9,zero_shot_diag_v1,aprovado
5,2026-01-02T00:00:00,MTR-1004,2670,100.1,8.02,79.6,Sobreaquecimento com desalinhamento,alta,WO-20260004,"Inspeção do motor MTR-1004: temperatura 100.1°C, vibração 8.02 mm/s, corrente 79.6 A. Diagnóstico: Sobreaquecimento com desalinhamento. Ação recomendada: realinhar e lubrificar.",gemma-2-9b-it,0.4,0.95,zero_shot_diag_v1,aprovado
6,2026-01-02T06:00:00,MTR-1005,2750,50.1,4.51,65.3,Operação normal,baixa,WO-20260005,"Inspeção do motor MTR-1005: temperatura 50.1°C, vibração 4.51 mm/s, corrente 65.3 A. Diagnóstico: Operação normal. Ação recomendada: manter monitoramento padrão.",llama-3.1-8b-instruct,0.7,0.85,zero_shot_diag_v1,aprovado
7,2026-01-02T12:00:00,MTR-1006,1387,88.0,9.94,93.8,Sobrecorrente por atrito mecânico,alta,WO-20260006,"Inspeção do motor MTR-1006: temperatura 88.0°C, vibração 9.94 mm/s, corrente 93.8 A. Diagnóstico: Sobrecorrente por atrito mecânico. Ação recomendada: realinhar e lubrificar.",gpt-4.1-mini,0.2,0.9,cot_analysis_v1,aprovado
8,2026-01-02T18:00:00,MTR-1007,2694,55.6,5.21,68.6,Operação normal,baixa,WO-20260007,"Inspeção do motor MTR-1007: temperatura 55.6°C, vibração 5.21 mm/s, corrente 68.6 A. Diagnóstico: Operação normal. Ação recomendada: manter monitoramento padrão.",gemma-2-9b-it,0.7,0.95,zero_shot_diag_v1,aprovado
9,2026-01-03T00:00:00,MTR-1008,1900,79.7,3.97,52.0,Operação normal,baixa,WO-20260008,"Inspeção do motor MTR-1008: temperatura 79.7°C, vibração 3.97 mm/s, corrente 52.0 A. Diagnóstico: Operação normal. Ação recomendada: manter monitoramento padrão.",llama-3.1-8b-instruct,0.7,0.95,few_shot_os_v2,aprovado
10,2026-01-03T06:00:00,MTR-1009,2528,99.8,9.97,33.3,Sobreaquecimento com desalinhamento,alta,WO-20260009,"Inspeção do motor MTR-1009: temperatura 99.8°C, vibração 9.97 mm/s, corrente 33.3 A. Diagnóstico: Sobreaquecimento com desalinhamento. Ação recomendada: realinhar e lubrificar.",gpt-4.1-mini,0.4,0.9,cot_analysis_v1,aprovado
11,2026-01-03T12:00:00,MTR-1010,3523,102.0,4.76,67.4,Operação normal,baixa,WO-20260010,"Inspeção do motor MTR-1010: temperatura 102.0°C, vibração 4.76 mm/s, corrente 67.4 A. Diagnóstico: Operação normal. Ação recomendada: manter monitoramento padrão.",llama-3.1-8b-instruct,0.7,0.9,few_shot_os_v2,aprovado
12,2026-01-03T18:00:00,MTR-1011,2284,54.1,9.62,58.1,Operação normal,baixa,WO-20260011,"Inspeção do motor MTR-1011: temperatura 54.1°C, vibração 9.62 mm/s, corrente 58.1 A. Diagnóstico: Operação normal. Ação recomendada: manter monitoramento padrão.",gemma-2-9b-it,0.7,0.9,roleplay_engineer_v1,aprovado
13,2026-01-04T00:00:00,MTR-1012,2682,59.3,12.47,55.8,Desbalanceamento de rotor,alta,WO-20260012,"Inspeção do motor MTR-1012: temperatura 59.3°C, vibração 12.47 mm/s, corrente 55.8 A. Diagnóstico: Desbalanceamento de rotor. Ação recomendada: realinhar e lubrificar.",gpt-4.1-mini,0.2,0.85,few_shot_os_v2,aprovado
14,2026-01-04T06:00:00,MTR-1013,2929,83.8,5.55,62.7,Operação normal,baixa,WO-20260013,"Inspeção do motor MTR-1013: temperatura 83.8°C, vibração 5.55 mm/s, corrente 62.7 A. Diagnóstico: Operação normal. Ação recomendada: manter monitoramento padrão.",llama-3.1-8b-instruct,0.7,0.9,zero_shot_diag_v1,aprovado
15,2026-01-04T12:00:00,MTR-1014,1669,89.3,7.27,36.3,Operação normal,baixa,WO-20260014,"Inspeção do motor MTR-1014: temperatura 89.3°C, vibração 7.27 mm/s, corrente 36.3 A. Diagnóstico: Operação normal. Ação recomendada: manter monitoramento padrão.",gemma-2-9b-it,0.4,0.85,cot_analysis_v1,aprovado
16,2026-01-04T18:00:00,MTR-1015,2980,55.3,1.24,72.8,Operação normal,baixa,WO-20260015,"Inspeção do motor MTR-1015: temperatura 55.3°C, vibração 1.24 mm/s, corrente 72.8 A. Diagnóstico: Operação normal. Ação recomendada: manter monitoramento padrão.",gemma-2-9b-it,0.4,0.95,few_shot_os_v2,aprovado
17,2026-01-05T00:00:00,MTR-1016,3279,104.3,11.04,38.9,Sobreaquecimento com desalinhamento,alta,WO-20260016,"Inspeção do motor MTR-1016: temperatura 104.3°C, vibração 11.04 mm/s, corrente 38.9 A. Diagnóstico: Sobreaquecimento com desalinhamento. Ação recomendada: realinhar e lubrificar.",gemma-2-9b-it,0.7,0.95,few_shot_os_v2,aprovado
18,2026-01-05T06:00:00,MTR-1017,1861,80.1,10.0,57.4,Operação normal,baixa,WO-20260017,"Inspeção do motor MTR-1017: temperatura 80.1°C, vibração 10.0 mm/s, corrente 57.4 A. Diagnóstico: Operação normal. Ação recomendada: manter monitoramento padrão.",gpt-4.1-mini,0.7,0.9,roleplay_engineer_v1,aprovado
19,2026-01-05T12:00:00,MTR-1018,1279,52.3,5.3,93.8,Sobrecorrente por atrito mecânico,alta,WO-20260018,"Inspeção do motor MTR-1018: temperatura 52.3°C, vibração 5.3 mm/s, corrente 93.8 A. Diagnóstico: Sobrecorrente por atrito mecânico. Ação recomendada: realinhar e lubrificar.",llama-3.1-8b-instruct,0.2,0.85,few_shot_os_v2,aprovado
20,2026-01-05T18:00:00,MTR-1019,1522,50.6,6.69,20.5,Operação normal,baixa,WO-20260019,"Inspeção do motor MTR-1019: temperatura 50.6°C, vibração 6.69 mm/s, corrente 20.5 A. Diagnóstico: Operação normal. Ação recomendada: manter monitoramento padrão.",gemma-2-9b-it,0.2,0.85,roleplay_engineer_v1,aprovado
21,2026-01-06T00:00:00,MTR-1020,3451,55.7,7.16,63.5,Operação normal,baixa,WO-20260020,"Inspeção do motor MTR-1020: temperatura 55.7°C, vibração 7.16 mm/s, corrente 63.5 A. Diagnóstico: Operação normal. Ação recomendada: manter monitoramento padrão.",gpt-4.1-mini,0.7,0.95,few_shot_os_v2,aprovado
22,2026-01-06T06:00:00,MTR-1021,2476,70.9,8.79,44.9,Operação normal,baixa,WO-20260021,"Inspeção do motor MTR-1021: temperatura 70.9°C, vibração 8.79 mm/s, corrente 44.9 A. Diagnóstico: Operação normal. Ação recomendada: manter monitoramento padrão.",gemma-2-9b-it,0.4,0.85,few_shot_os_v2,aprovado
23,2026-01-06T12:00:00,MTR-1022,2120,49.2,1.44,59.3,Operação normal,baixa,WO-20260022,"Inspeção do motor MTR-1022: temperatura 49.2°C, vibração 1.44 mm/s, corrente 59.3 A. Diagnóstico: Operação normal. Ação recomendada: manter monitoramento padrão.",gemma-2-9b-it,0.2,0.85,zero_shot_diag_v1,aprovado
24,2026-01-06T18:00:00,MTR-1023,1441,59.9,11.43,83.8,Desbalanceamento de rotor,alta,WO-20260023,"Inspeção do motor MTR-1023: temperatura 59.9°C, vibração 11.43 mm/s, corrente 83.8 A. Diagnóstico: Desbalanceamento de rotor. Ação recomendada: realinhar e lubrificar.",gpt-4.1-mini,0.7,0.85,cot_analysis_v1,aprovado
25,2026-01-07T00:00:00,MTR-1024,2077,80.1,9.37,85.6,Sobrecorrente por atrito mecânico,alta,WO-20260024,"Inspeção do motor MTR-1024: temperatura 80.1°C, vibração 9.37 mm/s, corrente 85.6 A. Diagnóstico: Sobrecorrente por atrito mecânico. Ação recomendada: realinhar e lubrificar.",gemma-2-9b-it,0.4,0.85,roleplay_engineer_v1,aprovado
26,2026-01-07T06:00:00,MTR-1000,1979,51.1,8.65,43.3,Operação normal,baixa,WO-20260025,"Inspeção do motor MTR-1000: temperatura 51.1°C, vibração 8.65 mm/s, corrente 43.3 A. Diagnóstico: Operação normal. Ação recomendada: manter monitoramento padrão.",llama-3.1-8b-instruct,0.4,0.95,zero_shot_diag_v1,aprovado
27,2026-01-07T12:00:00,MTR-1001,1603,48.9,9.43,79.0,Operação normal,baixa,WO-20260026,"Inspeção do motor MTR-1001: temperatura 48.9°C, vibração 9.43 mm/s, corrente 79.0 A. Diagnóstico: Operação normal. Ação recomendada: manter monitoramento padrão.",gpt-4.1-mini,0.2,0.85,few_shot_os_v2,aprovado
28,2026-01-07T18:00:00,MTR-1002,3396,74.2,5.97,37.3,Operação normal,baixa,WO-20260027,"Inspeção do motor MTR-1002: temperatura 74.2°C, vibração 5.97 mm/s, corrente 37.3 A. Diagnóstico: Operação normal. Ação recomendada: manter monitoramento padrão.",gpt-4.1-mini,0.2,0.9,zero_shot_diag_v1,aprovado
29,2026-01-08T00:00:00,MTR-1003,1407,87.4,7.31,16.2,Operação normal,baixa,WO-20260028,"Inspeção do motor MTR-1003: temperatura 87.4°C, vibração 7.31 mm/s, corrente 16.2 A. Diagnóstico: Operação normal. Ação recomendada: manter monitoramento padrão.",gpt-4.1-mini,0.2,0.85,roleplay_engineer_v1,aprovado
30,2026-01-08T06:00:00,MTR-1004,3189,76.3,10.97,87.2,Sobrecorrente por atrito mecânico,alta,WO-20260029,"Inspeção do motor MTR-1004: temperatura 76.3°C, vibração 10.97 mm/s, corrente 87.2 A. Diagnóstico: Sobrecorrente por atrito mecânico. Ação recomendada: realinhar e lubrificar.",gpt-4.1-mini,0.4,0.85,roleplay_engineer_v1,aprovado
31,2026-01-08T12:00:00,MTR-1005,3063,63.5,9.07,73.4,Operação normal,baixa,WO-20260030,"Inspeção do motor MTR-1005: temperatura 63.5°C, vibração 9.07 mm/s, corrente 73.4 A. Diagnóstico: Operação normal. Ação recomendada: manter monitoramento padrão.",gemma-2-9b-it,0.7,0.95,roleplay_engineer_v1,aprovado
32,2026-01-08T18:00:00,MTR-1006,1834,57.3,3.66,19.7,Operação normal,baixa,WO-20260031,"Inspeção do motor MTR-1006: temperatura 57.3°C, vibração 3.66 mm/s, corrente 19.7 A. Diagnóstico: Operação normal. Ação recomendada: manter monitoramento padrão.",gemma-2-9b-it,0.7,0.85,cot_analysis_v1,aprovado
33,2026-01-09T00:00:00,MTR-1007,1434,48.3,6.59,88.6,Sobrecorrente por atrito mecânico,alta,WO-20260032,"Inspeção do motor MTR-1007: temperatura 48.3°C, vibração 6.59 mm/s, corrente 88.6 A. Diagnóstico: Sobrecorrente por atrito mecânico. Ação recomendada: realinhar e lubrificar.",gemma-2-9b-it,0.2,0.85,zero_shot_diag_v1,aprovado
34,2026-01-09T06:00:00,MTR-1008,1480,83.7,8.83,33.8,Operação normal,baixa,WO-20260033,"Inspeção do motor MTR-1008: temperatura 83.7°C, vibração 8.83 mm/s, corrente 33.8 A. Diagnóstico: Operação normal. Ação recomendada: manter monitoramento padrão.",gpt-4.1-mini,0.7,0.85,zero_shot_diag_v1,aprovado
35,2026-01-09T12:00:00,MTR-1009,1535,72.2,7.8,56.8,Operação normal,baixa,WO-20260034,"Inspeção do motor MTR-1009: temperatura 72.2°C, vibração 7.8 mm/s, corrente 56.8 A. Diagnóstico: Operação normal. Ação recomendada: manter monitoramento padrão.",llama-3.1-8b-instruct,0.2,0.95,cot_analysis_v1,aprovado
36,2026-01-09T18:00:00,MTR-1010,2177,62.3,2.68,66.6,Operação normal,baixa,WO-20260035,"Inspeção do motor MTR-1010: temperatura 62.3°C, vibração 2.68 mm/s, corrente 66.6 A. Diagnóstico: Operação normal. Ação recomendada: manter monitoramento padrão.",llama-3.1-8b-instruct,0.4,0.85,zero_shot_diag_v1,aprovado
37,2026-01-10T00:00:00,MTR-1011,3077,85.4,7.56,23.0,Operação normal,baixa,WO-20260036,"Inspeção do motor MTR-1011: temperatura 85.4°C, vibração 7.56 mm/s, corrente 23.0 A. Diagnóstico: Operação normal. Ação recomendada: manter monitoramento padrão.",gemma-2-9b-it,0.2,0.95,cot_analysis_v1,aprovado
38,2026-01-10T06:00:00,MTR-1012,1742,105.7,11.15,85.3,Sobreaquecimento com desalinhamento,alta,WO-20260037,"Inspeção do motor MTR-1012: temperatura 105.7°C, vibração 11.15 mm/s, corrente 85.3 A. Diagnóstico: Sobreaquecimento com desalinhamento. Ação recomendada: realinhar e lubrificar.",llama-3.1-8b-instruct,0.4,0.85,roleplay_engineer_v1,aprovado
39,2026-01-10T12:00:00,MTR-1013,2439,84.8,12.36,67.3,Desbalanceamento de rotor,alta,WO-20260038,"Inspeção do motor MTR-1013: temperatura 84.8°C, vibração 12.36 mm/s, corrente 67.3 A. Diagnóstico: Desbalanceamento de rotor. Ação recomendada: realinhar e lubrificar.",gpt-4.1-mini,0.7,0.95,cot_analysis_v1,aprovado
40,2026-01-10T18:00:00,MTR-1014,1624,106.0,2.72,24.2,Operação normal,baixa,WO-20260039,"Inspeção do motor MTR-1014: temperatura 106.0°C, vibração 2.72 mm/s, corrente 24.2 A. Diagnóstico: Operação normal. Ação recomendada: manter monitoramento padrão.",gpt-4.1-mini,0.7,0.95,few_shot_os_v2,aprovado
41,2026-01-11T00:00:00,MTR-1015,2315,63.3,3.58,42.4,Operação normal,baixa,WO-20260040,"Inspeção do motor MTR-1015: temperatura 63.3°C, vibração 3.58 mm/s, corrente 42.4 A. Diagnóstico: Operação normal. Ação recomendada: manter monitoramento padrão.",gemma-2-9b-it,0.7,0.9,roleplay_engineer_v1,aprovado
42,2026-01-11T06:00:00,MTR-1016,2228,103.8,10.76,22.4,Sobreaquecimento com desalinhamento,alta,WO-20260041,"Inspeção do motor MTR-1016: temperatura 103.8°C, vibração 10.76 mm/s, corrente 22.4 A. Diagnóstico: Sobreaquecimento com desalinhamento. Ação recomendada: realinhar e lubrificar.",llama-3.1-8b-instruct,0.4,0.85,zero_shot_diag_v1,aprovado
43,2026-01-11T12:00:00,MTR-1017,1735,86.4,4.16,74.3,Operação normal,baixa,WO-20260042,"Inspeção do motor MTR-1017: temperatura 86.4°C, vibração 4.16 mm/s, corrente 74.3 A. Diagnóstico: Operação normal. Ação recomendada: manter monitoramento padrão.",gemma-2-9b-it,0.7,0.9,zero_shot_diag_v1,aprovado
44,2026-01-11T18:00:00,MTR-1018,1658,49.9,11.18,87.3,Sobrecorrente por atrito mecânico,alta,WO-20260043,"Inspeção do motor MTR-1018: temperatura 49.9°C, vibração 11.18 mm/s, corrente 87.3 A. Diagnóstico: Sobrecorrente por atrito mecânico. Ação recomendada: realinhar e lubrificar.",gemma-2-9b-it,0.2,0.9,few_shot_os_v2,aprovado
45,2026-01-12T00:00:00,MTR-1019,1371,65.0,11.36,78.7,Desbalanceamento de rotor,alta,WO-20260044,"Inspeção do motor MTR-1019: temperatura 65.0°C, vibração 11.36 mm/s, corrente 78.7 A. Diagnóstico: Desbalanceamento de rotor. Ação recomendada: realinhar e lubrificar.",gpt-4.1-mini,0.4,0.85,few_shot_os_v2,aprovado
46,2026-01-12T06:00:00,MTR-1020,2648,95.7,11.19,47.5,Sobreaquecimento com desalinhamento,alta,WO-20260045,"Inspeção do motor MTR-1020: temperatura 95.7°C, vibração 11.19 mm/s, corrente 47.5 A. Diagnóstico: Sobreaquecimento com desalinhamento. Ação recomendada: realinhar e lubrificar.",gemma-2-9b-it,0.7,0.85,few_shot_os_v2,aprovado
47,2026-01-12T12:00:00,MTR-1021,1925,102.3,1.48,73.9,Operação normal,baixa,WO-20260046,"Inspeção do motor MTR-1021: temperatura 102.3°C, vibração 1.48 mm/s, corrente 73.9 A. Diagnóstico: Operação normal. Ação recomendada: manter monitoramento padrão.",llama-3.1-8b-instruct,0.4,0.95,few_shot_os_v2,aprovado
48,2026-01-12T18:00:00,MTR-1022,2292,55.3,9.12,45.6,Operação normal,baixa,WO-20260047,"Inspeção do motor MTR-1022: temperatura 55.3°C, vibração 9.12 mm/s, corrente 45.6 A. Diagnóstico: Operação normal. Ação recomendada: manter monitoramento padrão.",gpt-4.1-mini,0.4,0.85,few_shot_os_v2,aprovado
49,2026-01-13T00:00:00,MTR-1023,3085,67.7,10.47,84.7,Desbalanceamento de rotor,alta,WO-20260048,"Inspeção do motor MTR-1023: temperatura 67.7°C, vibração 10.47 mm/s, corrente 84.7 A. Diagnóstico: Desbalanceamento de rotor. Ação recomendada: realinhar e lubrificar.",gpt-4.1-mini,0.2,0.95,few_shot_os_v2,aprovado
50,2026-01-13T06:00:00,MTR-1024,2341,101.2,12.13,37.3,Sobreaquecimento com desalinhamento,alta,WO-20260049,"Inspeção do motor MTR-1024: temperatura 101.2°C, vibração 12.13 mm/s, corrente 37.3 A. Diagnóstico: Sobreaquecimento com desalinhamento. Ação recomendada: realinhar e lubrificar.",gemma-2-9b-it,0.7,0.9,cot_analysis_v1,aprovado
51,2026-01-13T12:00:00,MTR-1000,1672,102.0,4.15,61.4,Operação normal,baixa,WO-20260050,"Inspeção do motor MTR-1000: temperatura 102.0°C, vibração 4.15 mm/s, corrente 61.4 A. Diagnóstico: Operação normal. Ação recomendada: manter monitoramento padrão.",llama-3.1-8b-instruct,0.2,0.85,roleplay_engineer_v1,aprovado
52,2026-01-13T18:00:00,MTR-1001,2615,92.4,4.74,63.5,Operação normal,baixa,WO-20260051,"Inspeção do motor MTR-1001: temperatura 92.4°C, vibração 4.74 mm/s, corrente 63.5 A. Diagnóstico: Operação normal. Ação recomendada: manter monitoramento padrão.",gemma-2-9b-it,0.2,0.9,few_shot_os_v2,aprovado
53,2026-01-14T00:00:00,MTR-1002,2243,47.9,6.13,56.6,Operação normal,baixa,WO-20260052,"Inspeção do motor MTR-1002: temperatura 47.9°C, vibração 6.13 mm/s, corrente 56.6 A. Diagnóstico: Operação normal. Ação recomendada: manter monitoramento padrão.",gemma-2-9b-it,0.7,0.95,few_shot_os_v2,aprovado
54,2026-01-14T06:00:00,MTR-1003,2691,73.0,11.92,88.7,Sobrecorrente por atrito mecânico,alta,WO-20260053,"Inspeção do motor MTR-1003: temperatura 73.0°C, vibração 11.92 mm/s, corrente 88.7 A. Diagnóstico: Sobrecorrente por atrito mecânico. Ação recomendada: realinhar e lubrificar.",gemma-2-9b-it,0.4,0.95,zero_shot_diag_v1,aprovado
55,2026-01-14T12:00:00,MTR-1004,2430,78.0,8.74,41.1,Operação normal,baixa,WO-20260054,"Inspeção do motor MTR-1004: temperatura 78.0°C, vibração 8.74 mm/s, corrente 41.1 A. Diagnóstico: Operação normal. Ação recomendada: manter monitoramento padrão.",gemma-2-9b-it,0.4,0.95,few_shot_os_v2,aprovado
56,2026-01-14T18:00:00,MTR-1005,1985,72.3,11.83,69.2,Desbalanceamento de rotor,alta,WO-20260055,"Inspeção do motor MTR-1005: temperatura 72.3°C, vibração 11.83 mm/s, corrente 69.2 A. Diagnóstico: Desbalanceamento de rotor. Ação recomendada: realinhar e lubrificar.",gpt-4.1-mini,0.7,0.95,cot_analysis_v1,aprovado
57,2026-01-15T00:00:00,MTR-1006,1201,64.8,3.58,77.9,Operação normal,baixa,WO-20260056,"Inspeção do motor MTR-1006: temperatura 64.8°C, vibração 3.58 mm/s, corrente 77.9 A. Diagnóstico: Operação normal. Ação recomendada: manter monitoramento padrão.",gemma-2-9b-it,0.7,0.9,roleplay_engineer_v1,aprovado
58,2026-01-15T06:00:00,MTR-1007,3009,73.7,3.61,52.9,Operação normal,baixa,WO-20260057,"Inspeção do motor MTR-1007: temperatura 73.7°C, vibração 3.61 mm/s, corrente 52.9 A. Diagnóstico: Operação normal. Ação recomendada: manter monitoramento padrão.",gemma-2-9b-it,0.2,0.95,zero_shot_diag_v1,aprovado
59,2026-01-15T12:00:00,MTR-1008,2362,78.5,8.35,41.8,Operação normal,baixa,WO-20260058,"Inspeção do motor MTR-1008: temperatura 78.5°C, vibração 8.35 mm/s, corrente 41.8 A. Diagnóstico: Operação normal. Ação recomendada: manter monitoramento padrão.",gpt-4.1-mini,0.7,0.9,few_shot_os_v2,aprovado
60,2026-01-15T18:00:00,MTR-1009,2015,54.6,1.72,93.7,Sobrecorrente por atrito mecânico,alta,WO-20260059,"Inspeção do motor MTR-1009: temperatura 54.6°C, vibração 1.72 mm/s, corrente 93.7 A. Diagnóstico: Sobrecorrente por atrito mecânico. Ação recomendada: realinhar e lubrificar.",gemma-2-9b-it,0.2,0.9,roleplay_engineer_v1,aprovado
61,2026-01-16T00:00:00,MTR-1010,3557,57.6,9.07,54.6,Operação normal,baixa,WO-20260060,"Inspeção do motor MTR-1010: temperatura 57.6°C, vibração 9.07 mm/s, corrente 54.6 A. Diagnóstico: Operação normal. Ação recomendada: manter monitoramento padrão.",gpt-4.1-mini,0.2,0.95,zero_shot_diag_v1,aprovado
62,2026-01-16T06:00:00,MTR-1011,1636,95.6,3.67,79.3,Operação normal,baixa,WO-20260061,"Inspeção do motor MTR-1011: temperatura 95.6°C, vibração 3.67 mm/s, corrente 79.3 A. Diagnóstico: Operação normal. Ação recomendada: manter monitoramento padrão.",gemma-2-9b-it,0.7,0.9,zero_shot_diag_v1,aprovado
63,2026-01-16T12:00:00,MTR-1012,3483,61.2,10.79,51.5,Desbalanceamento de rotor,alta,WO-20260062,"Inspeção do motor MTR-1012: temperatura 61.2°C, vibração 10.79 mm/s, corrente 51.5 A. Diagnóstico: Desbalanceamento de rotor. Ação recomendada: realinhar e lubrificar.",llama-3.1-8b-instruct,0.7,0.95,cot_analysis_v1,aprovado
64,2026-01-16T18:00:00,MTR-1013,3012,84.8,9.33,55.4,Operação normal,baixa,WO-20260063,"Inspeção do motor MTR-1013: temperatura 84.8°C, vibração 9.33 mm/s, corrente 55.4 A. Diagnóstico: Operação normal. Ação recomendada: manter monitoramento padrão.",gemma-2-9b-it,0.4,0.85,roleplay_engineer_v1,aprovado
65,2026-01-17T00:00:00,MTR-1014,3043,61.8,3.99,66.0,Operação normal,baixa,WO-20260064,"Inspeção do motor MTR-1014: temperatura 61.8°C, vibração 3.99 mm/s, corrente 66.0 A. Diagnóstico: Operação normal. Ação recomendada: manter monitoramento padrão.",gemma-2-9b-it,0.4,0.95,few_shot_os_v2,aprovado
66,2026-01-17T06:00:00,MTR-1015,2324,73.6,9.26,33.8,Operação normal,baixa,WO-20260065,"Inspeção do motor MTR-1015: temperatura 73.6°C, vibração 9.26 mm/s, corrente 33.8 A. Diagnóstico: Operação normal. Ação recomendada: manter monitoramento padrão.",llama-3.1-8b-instruct,0.4,0.95,zero_shot_diag_v1,aprovado
67,2026-01-17T12:00:00,MTR-1016,1766,54.8,5.53,27.2,Operação normal,baixa,WO-20260066,"Inspeção do motor MTR-1016: temperatura 54.8°C, vibração 5.53 mm/s, corrente 27.2 A. Diagnóstico: Operação normal. Ação recomendada: manter monitoramento padrão.",gpt-4.1-mini,0.2,0.9,roleplay_engineer_v1,aprovado
68,2026-01-17T18:00:00,MTR-1017,2555,80.3,5.9,31.5,Operação normal,baixa,WO-20260067,"Inspeção do motor MTR-1017: temperatura 80.3°C, vibração 5.9 mm/s, corrente 31.5 A. Diagnóstico: Operação normal. Ação recomendada: manter monitoramento padrão.",llama-3.1-8b-instruct,0.4,0.95,zero_shot_diag_v1,aprovado
69,2026-01-18T00:00:00,MTR-1018,3558,69.7,1.27,43.1,Operação normal,baixa,WO-20260068,"Inspeção do motor MTR-1018: temperatura 69.7°C, vibração 1.27 mm/s, corrente 43.1 A. Diagnóstico: Operação normal. Ação recomendada: manter monitoramento padrão.",llama-3.1-8b-instruct,0.4,0.95,few_shot_os_v2,aprovado
70,2026-01-18T06:00:00,MTR-1019,3199,59.3,6.12,17.3,Operação normal,baixa,WO-20260069,"Inspeção do motor MTR-1019: temperatura 59.3°C, vibração 6.12 mm/s, corrente 17.3 A. Diagnóstico: Operação normal. Ação recomendada: manter monitoramento padrão.",llama-3.1-8b-instruct,0.7,0.95,roleplay_engineer_v1,aprovado
71,2026-01-18T12:00:00,MTR-1020,1876,99.6,11.59,93.5,Sobreaquecimento com desalinhamento,alta,WO-20260070,"Inspeção do motor MTR-1020: temperatura 99.6°C, vibração 11.59 mm/s, corrente 93.5 A. Diagnóstico: Sobreaquecimento com desalinhamento. Ação recomendada: realinhar e lubrificar.",gemma-2-9b-it,0.2,0.9,zero_shot_diag_v1,aprovado
72,2026-01-18T18:00:00,MTR-1021,2955,53.8,6.42,19.0,Operação normal,baixa,WO-20260071,"Inspeção do motor MTR-1021: temperatura 53.8°C, vibração 6.42 mm/s, corrente 19.0 A. Diagnóstico: Operação normal. Ação recomendada: manter monitoramento padrão.",llama-3.1-8b-instruct,0.4,0.85,roleplay_engineer_v1,aprovado
73,2026-01-19T00:00:00,MTR-1022,2538,66.9,11.14,37.3,Desbalanceamento de rotor,alta,WO-20260072,"Inspeção do motor MTR-1022: temperatura 66.9°C, vibração 11.14 mm/s, corrente 37.3 A. Diagnóstico: Desbalanceamento de rotor. Ação recomendada: realinhar e lubrificar.",llama-3.1-8b-instruct,0.4,0.85,roleplay_engineer_v1,revisar
74,2026-01-19T06:00:00,MTR-1023,3409,48.4,11.96,32.9,Desbalanceamento de rotor,alta,WO-20260073,"Inspeção do motor MTR-1023: temperatura 48.4°C, vibração 11.96 mm/s, corrente 32.9 A. Diagnóstico: Desbalanceamento de rotor. Ação recomendada: realinhar e lubrificar.",gpt-4.1-mini,0.7,0.85,zero_shot_diag_v1,aprovado
75,2026-01-19T12:00:00,MTR-1024,2016,99.5,8.22,34.1,Sobreaquecimento com desalinhamento,alta,WO-20260074,"Inspeção do motor MTR-1024: temperatura 99.5°C, vibração 8.22 mm/s, corrente 34.1 A. Diagnóstico: Sobreaquecimento com desalinhamento. Ação recomendada: realinhar e lubrificar.",llama-3.1-8b-instruct,0.7,0.85,few_shot_os_v2,aprovado
76,2026-01-19T18:00:00,MTR-1000,2249,94.8,3.1,63.6,Operação normal,baixa,WO-20260075,"Inspeção do motor MTR-1000: temperatura 94.8°C, vibração 3.1 mm/s, corrente 63.6 A. Diagnóstico: Operação normal. Ação recomendada: manter monitoramento padrão.",gemma-2-9b-it,0.7,0.85,few_shot_os_v2,aprovado
77,2026-01-20T00:00:00,MTR-1001,2474,52.0,1.49,40.0,Operação normal,baixa,WO-20260076,"Inspeção do motor MTR-1001: temperatura 52.0°C, vibração 1.49 mm/s, corrente 40.0 A. Diagnóstico: Operação normal. Ação recomendada: manter monitoramento padrão.",gemma-2-9b-it,0.4,0.9,few_shot_os_v2,aprovado
78,2026-01-20T06:00:00,MTR-1002,1511,83.5,10.59,34.4,Desbalanceamento de rotor,alta,WO-20260077,"Inspeção do motor MTR-1002: temperatura 83.5°C, vibração 10.59 mm/s, corrente 34.4 A. Diagnóstico: Desbalanceamento de rotor. Ação recomendada: realinhar e lubrificar.",gemma-2-9b-it,0.4,0.95,zero_shot_diag_v1,aprovado
79,2026-01-20T12:00:00,MTR-1003,3518,95.9,5.12,49.3,Operação normal,baixa,WO-20260078,"Inspeção do motor MTR-1003: temperatura 95.9°C, vibração 5.12 mm/s, corrente 49.3 A. Diagnóstico: Operação normal. Ação recomendada: manter monitoramento padrão.",llama-3.1-8b-instruct,0.2,0.95,cot_analysis_v1,aprovado
80,2026-01-20T18:00:00,MTR-1004,1251,100.2,10.49,23.4,Sobreaquecimento com desalinhamento,alta,WO-20260079,"Inspeção do motor MTR-1004: temperatura 100.2°C, vibração 10.49 mm/s, corrente 23.4 A. Diagnóstico: Sobreaquecimento com desalinhamento. Ação recomendada: realinhar e lubrificar.",llama-3.1-8b-instruct,0.7,0.9,few_shot_os_v2,aprovado
81,2026-01-21T00:00:00,MTR-1005,3337,107.8,4.25,79.7,Operação normal,baixa,WO-20260080,"Inspeção do motor MTR-1005: temperatura 107.8°C, vibração 4.25 mm/s, corrente 79.7 A. Diagnóstico: Operação normal. Ação recomendada: manter monitoramento padrão.",gemma-2-9b-it,0.4,0.9,roleplay_engineer_v1,aprovado
82,2026-01-21T06:00:00,MTR-1006,2299,65.9,3.97,89.8,Sobrecorrente por atrito mecânico,alta,WO-20260081,"Inspeção do motor MTR-1006: temperatura 65.9°C, vibração 3.97 mm/s, corrente 89.8 A. Diagnóstico: Sobrecorrente por atrito mecânico. Ação recomendada: realinhar e lubrificar.",llama-3.1-8b-instruct,0.4,0.85,roleplay_engineer_v1,aprovado
83,2026-01-21T12:00:00,MTR-1007,2752,66.9,6.79,41.0,Operação normal,baixa,WO-20260082,"Inspeção do motor MTR-1007: temperatura 66.9°C, vibração 6.79 mm/s, corrente 41.0 A. Diagnóstico: Operação normal. Ação recomendada: manter monitoramento padrão.",llama-3.1-8b-instruct,0.2,0.9,cot_analysis_v1,aprovado
84,2026-01-21T18:00:00,MTR-1008,2594,63.2,7.94,85.4,Sobrecorrente por atrito mecânico,alta,WO-20260083,"Inspeção do motor MTR-1008: temperatura 63.2°C, vibração 7.94 mm/s, corrente 85.4 A. Diagnóstico: Sobrecorrente por atrito mecânico. Ação recomendada: realinhar e lubrificar.",gemma-2-9b-it,0.2,0.95,few_shot_os_v2,aprovado
85,2026-01-22T00:00:00,MTR-1009,2864,76.8,9.77,70.2,Operação normal,baixa,WO-20260084,"Inspeção do motor MTR-1009: temperatura 76.8°C, vibração 9.77 mm/s, corrente 70.2 A. Diagnóstico: Operação normal. Ação recomendada: manter monitoramento padrão.",gemma-2-9b-it,0.7,0.9,roleplay_engineer_v1,aprovado
86,2026-01-22T06:00:00,MTR-1010,1270,51.0,3.7,70.3,Operação normal,baixa,WO-20260085,"Inspeção do motor MTR-1010: temperatura 51.0°C, vibração 3.7 mm/s, corrente 70.3 A. Diagnóstico: Operação normal. Ação recomendada: manter monitoramento padrão.",llama-3.1-8b-instruct,0.7,0.95,cot_analysis_v1,aprovado
87,2026-01-22T12:00:00,MTR-1011,3138,81.0,5.08,94.7,Sobrecorrente por atrito mecânico,alta,WO-20260086,"Inspeção do motor MTR-1011: temperatura 81.0°C, vibração 5.08 mm/s, corrente 94.7 A. Diagnóstico: Sobrecorrente por atrito mecânico. Ação recomendada: realinhar e lubrificar.",gemma-2-9b-it,0.4,0.9,roleplay_engineer_v1,aprovado
88,2026-01-22T18:00:00,MTR-1012,2229,60.0,9.35,40.2,Operação normal,baixa,WO-20260087,"Inspeção do motor MTR-1012: temperatura 60.0°C, vibração 9.35 mm/s, corrente 40.2 A. Diagnóstico: Operação normal. Ação recomendada: manter monitoramento padrão.",gemma-2-9b-it,0.7,0.95,few_shot_os_v2,aprovado
89,2026-01-23T00:00:00,MTR-1013,1984,59.1,6.67,73.0,Operação normal,baixa,WO-20260088,"Inspeção do motor MTR-1013: temperatura 59.1°C, vibração 6.67 mm/s, corrente 73.0 A. Diagnóstico: Operação normal. Ação recomendada: manter monitoramento padrão.",gemma-2-9b-it,0.7,0.9,zero_shot_diag_v1,aprovado
90,2026-01-23T06:00:00,MTR-1014,1995,64.3,5.28,39.2,Operação normal,baixa,WO-20260089,"Inspeção do motor MTR-1014: temperatura 64.3°C, vibração 5.28 mm/s, corrente 39.2 A. Diagnóstico: Operação normal. Ação recomendada: manter monitoramento padrão.",gemma-2-9b-it,0.7,0.85,cot_analysis_v1,aprovado
91,2026-01-23T12:00:00,MTR-1015,1386,108.3,7.45,70.8,Operação normal,baixa,WO-20260090,"Inspeção do motor MTR-1015: temperatura 108.3°C, vibração 7.45 mm/s, corrente 70.8 A. Diagnóstico: Operação normal. Ação recomendada: manter monitoramento padrão.",gpt-4.1-mini,0.7,0.9,zero_shot_diag_v1,aprovado
92,2026-01-23T18:00:00,MTR-1016,1250,82.3,6.5,50.2,Operação normal,baixa,WO-20260091,"Inspeção do motor MTR-1016: temperatura 82.3°C, vibração 6.5 mm/s, corrente 50.2 A. Diagnóstico: Operação normal. Ação recomendada: manter monitoramento padrão.",gpt-4.1-mini,0.2,0.9,roleplay_engineer_v1,aprovado
93,2026-01-24T00:00:00,MTR-1017,1667,98.4,5.73,20.9,Operação normal,baixa,WO-20260092,"Inspeção do motor MTR-1017: temperatura 98.4°C, vibração 5.73 mm/s, corrente 20.9 A. Diagnóstico: Operação normal. Ação recomendada: manter monitoramento padrão.",gemma-2-9b-it,0.7,0.85,few_shot_os_v2,aprovado
94,2026-01-24T06:00:00,MTR-1018,1811,97.7,11.93,21.8,Sobreaquecimento com desalinhamento,alta,WO-20260093,"Inspeção do motor MTR-1018: temperatura 97.7°C, vibração 11.93 mm/s, corrente 21.8 A. Diagnóstico: Sobreaquecimento com desalinhamento. Ação recomendada: realinhar e lubrificar.",gpt-4.1-mini,0.2,0.95,roleplay_engineer_v1,aprovado
95,2026-01-24T12:00:00,MTR-1019,2124,95.4,5.5,87.7,Sobrecorrente por atrito mecânico,alta,WO-20260094,"Inspeção do motor MTR-1019: temperatura 95.4°C, vibração 5.5 mm/s, corrente 87.7 A. Diagnóstico: Sobrecorrente por atrito mecânico. Ação recomendada: realinhar e lubrificar.",llama-3.1-8b-instruct,0.7,0.9,cot_analysis_v1,aprovado
96,2026-01-24T18:00:00,MTR-1020,1446,84.6,9.56,90.8,Sobrecorrente por atrito mecânico,alta,WO-20260095,"Inspeção do motor MTR-1020: temperatura 84.6°C, vibração 9.56 mm/s, corrente 90.8 A. Diagnóstico: Sobrecorrente por atrito mecânico. Ação recomendada: realinhar e lubrificar.",gpt-4.1-mini,0.7,0.85,cot_analysis_v1,aprovado
97,2026-01-25T00:00:00,MTR-1021,1843,60.6,7.44,27.5,Operação normal,baixa,WO-20260096,"Inspeção do motor MTR-1021: temperatura 60.6°C, vibração 7.44 mm/s, corrente 27.5 A. Diagnóstico: Operação normal. Ação recomendada: manter monitoramento padrão.",llama-3.1-8b-instruct,0.4,0.95,roleplay_engineer_v1,aprovado
98,2026-01-25T06:00:00,MTR-1022,2392,47.1,4.46,37.6,Operação normal,baixa,WO-20260097,"Inspeção do motor MTR-1022: temperatura 47.1°C, vibração 4.46 mm/s, corrente 37.6 A. Diagnóstico: Operação normal. Ação recomendada: manter monitoramento padrão.",llama-3.1-8b-instruct,0.2,0.95,few_shot_os_v2,aprovado
99,2026-01-25T12:00:00,MTR-1023,2283,96.2,8.26,67.9,Sobreaquecimento com desalinhamento,alta,WO-20260098,"Inspeção do motor MTR-1023: temperatura 96.2°C, vibração 8.26 mm/s, corrente 67.9 A. Diagnóstico: Sobreaquecimento com desalinhamento. Ação recomendada: realinhar e lubrificar.",gpt-4.1-mini,0.4,0.85,few_shot_os_v2,aprovado
100,2026-01-25T18:00:00,MTR-1024,2288,98.7,2.01,28.3,Operação normal,baixa,WO-20260099,"Inspeção do motor MTR-1024: temperatura 98.7°C, vibração 2.01 mm/s, corrente 28.3 A. Diagnóstico: Operação normal. Ação recomendada: manter monitoramento padrão.",llama-3.1-8b-instruct,0.7,0.95,cot_analysis_v1,aprovado
101,2026-01-26T00:00:00,MTR-1000,2998,53.1,8.98,71.0,Operação normal,baixa,WO-20260100,"Inspeção do motor MTR-1000: temperatura 53.1°C, vibração 8.98 mm/s, corrente 71.0 A. Diagnóstico: Operação normal. Ação recomendada: manter monitoramento padrão.",llama-3.1-8b-instruct,0.7,0.95,roleplay_engineer_v1,aprovado
102,2026-01-26T06:00:00,MTR-1001,2993,50.2,1.65,49.6,Operação normal,baixa,WO-20260101,"Inspeção do motor MTR-1001: temperatura 50.2°C, vibração 1.65 mm/s, corrente 49.6 A. Diagnóstico: Operação normal. Ação recomendada: manter monitoramento padrão.",llama-3.1-8b-instruct,0.7,0.9,zero_shot_diag_v1,aprovado
103,2026-01-26T12:00:00,MTR-1002,1574,59.9,8.82,83.8,Operação normal,baixa,WO-20260102,"Inspeção do motor MTR-1002: temperatura 59.9°C, vibração 8.82 mm/s, corrente 83.8 A. Diagnóstico: Operação normal. Ação recomendada: manter monitoramento padrão.",gemma-2-9b-it,0.2,0.95,cot_analysis_v1,aprovado
104,2026-01-26T18:00:00,MTR-1003,3560,47.6,9.75,52.6,Operação normal,baixa,WO-20260103,"Inspeção do motor MTR-1003: temperatura 47.6°C, vibração 9.75 mm/s, corrente 52.6 A. Diagnóstico: Operação normal. Ação recomendada: manter monitoramento padrão.",gemma-2-9b-it,0.4,0.9,few_shot_os_v2,aprovado
105,2026-01-27T00:00:00,MTR-1004,3597,73.3,10.4,92.5,Sobrecorrente por atrito mecânico,alta,WO-20260104,"Inspeção do motor MTR-1004: temperatura 73.3°C, vibração 10.4 mm/s, corrente 92.5 A. Diagnóstico: Sobrecorrente por atrito mecânico. Ação recomendada: realinhar e lubrificar.",llama-3.1-8b-instruct,0.4,0.9,cot_analysis_v1,aprovado
106,2026-01-27T06:00:00,MTR-1005,1628,100.8,4.93,70.5,Operação normal,baixa,WO-20260105,"Inspeção do motor MTR-1005: temperatura 100.8°C, vibração 4.93 mm/s, corrente 70.5 A. Diagnóstico: Operação normal. Ação recomendada: manter monitoramento padrão.",llama-3.1-8b-instruct,0.7,0.9,zero_shot_diag_v1,aprovado
107,2026-01-27T12:00:00,MTR-1006,3062,50.7,4.05,24.3,Operação normal,baixa,WO-20260106,"Inspeção do motor MTR-1006: temperatura 50.7°C, vibração 4.05 mm/s, corrente 24.3 A. Diagnóstico: Operação normal. Ação recomendada: manter monitoramento padrão.",llama-3.1-8b-instruct,0.7,0.85,roleplay_engineer_v1,aprovado
108,2026-01-27T18:00:00,MTR-1007,2892,48.5,7.06,64.8,Operação normal,baixa,WO-20260107,"Inspeção do motor MTR-1007: temperatura 48.5°C, vibração 7.06 mm/s, corrente 64.8 A. Diagnóstico: Operação normal. Ação recomendada: manter monitoramento padrão.",llama-3.1-8b-instruct,0.7,0.9,zero_shot_diag_v1,aprovado
109,2026-01-28T00:00:00,MTR-1008,2033,62.4,2.68,38.0,Operação normal,baixa,WO-20260108,"Inspeção do motor MTR-1008: temperatura 62.4°C, vibração 2.68 mm/s, corrente 38.0 A. Diagnóstico: Operação normal. Ação recomendada: manter monitoramento padrão.",gemma-2-9b-it,0.4,0.85,zero_shot_diag_v1,aprovado
110,2026-01-28T06:00:00,MTR-1009,2180,91.1,4.71,16.1,Operação normal,baixa,WO-20260109,"Inspeção do motor MTR-1009: temperatura 91.1°C, vibração 4.71 mm/s, corrente 16.1 A. Diagnóstico: Operação normal. Ação recomendada: manter monitoramento padrão.",llama-3.1-8b-instruct,0.2,0.85,zero_shot_diag_v1,aprovado
111,2026-01-28T12:00:00,MTR-1010,3090,106.6,8.52,27.3,Sobreaquecimento com desalinhamento,alta,WO-20260110,"Inspeção do motor MTR-1010: temperatura 106.6°C, vibração 8.52 mm/s, corrente 27.3 A. Diagnóstico: Sobreaquecimento com desalinhamento. Ação recomendada: realinhar e lubrificar.",gemma-2-9b-it,0.4,0.95,cot_analysis_v1,aprovado
112,2026-01-28T18:00:00,MTR-1011,3176,108.7,3.95,59.1,Operação normal,baixa,WO-20260111,"Inspeção do motor MTR-1011: temperatura 108.7°C, vibração 3.95 mm/s, corrente 59.1 A. Diagnóstico: Operação normal. Ação recomendada: manter monitoramento padrão.",llama-3.1-8b-instruct,0.2,0.95,few_shot_os_v2,aprovado
113,2026-01-29T00:00:00,MTR-1012,1485,63.0,10.13,48.2,Desbalanceamento de rotor,alta,WO-20260112,"Inspeção do motor MTR-1012: temperatura 63.0°C, vibração 10.13 mm/s, corrente 48.2 A. Diagnóstico: Desbalanceamento de rotor. Ação recomendada: realinhar e lubrificar.",gemma-2-9b-it,0.4,0.85,cot_analysis_v1,aprovado
114,2026-01-29T06:00:00,MTR-1013,3575,109.9,6.73,26.9,Operação normal,baixa,WO-20260113,"Inspeção do motor MTR-1013: temperatura 109.9°C, vibração 6.73 mm/s, corrente 26.9 A. Diagnóstico: Operação normal. Ação recomendada: manter monitoramento padrão.",gemma-2-9b-it,0.4,0.9,cot_analysis_v1,aprovado
115,2026-01-29T12:00:00,MTR-1014,3460,94.6,5.46,89.6,Sobrecorrente por atrito mecânico,alta,WO-20260114,"Inspeção do motor MTR-1014: temperatura 94.6°C, vibração 5.46 mm/s, corrente 89.6 A. Diagnóstico: Sobrecorrente por atrito mecânico. Ação recomendada: realinhar e lubrificar.",gpt-4.1-mini,0.7,0.85,roleplay_engineer_v1,aprovado
116,2026-01-29T18:00:00,MTR-1015,2882,47.8,9.62,71.4,Operação normal,baixa,WO-20260115,"Inspeção do motor MTR-1015: temperatura 47.8°C, vibração 9.62 mm/s, corrente 71.4 A. Diagnóstico: Operação normal. Ação recomendada: manter monitoramento padrão.",llama-3.1-8b-instruct,0.4,0.95,few_shot_os_v2,aprovado
117,2026-01-30T00:00:00,MTR-1016,3228,107.7,2.63,92.2,Sobrecorrente por atrito mecânico,alta,WO-20260116,"Inspeção do motor MTR-1016: temperatura 107.7°C, vibração 2.63 mm/s, corrente 92.2 A. Diagnóstico: Sobrecorrente por atrito mecânico. Ação recomendada: realinhar e lubrificar.",llama-3.1-8b-instruct,0.2,0.9,zero_shot_diag_v1,aprovado
118,2026-01-30T06:00:00,MTR-1017,3071,46.0,2.83,84.7,Operação normal,baixa,WO-20260117,"Inspeção do motor MTR-1017: temperatura 46.0°C, vibração 2.83 mm/s, corrente 84.7 A. Diagnóstico: Operação normal. Ação recomendada: manter monitoramento padrão.",gpt-4.1-mini,0.2,0.9,cot_analysis_v1,aprovado
119,2026-01-30T12:00:00,MTR-1018,2586,85.5,5.69,21.4,Operação normal,baixa,WO-20260118,"Inspeção do motor MTR-1018: temperatura 85.5°C, vibração 5.69 mm/s, corrente 21.4 A. Diagnóstico: Operação normal. Ação recomendada: manter monitoramento padrão.",llama-3.1-8b-instruct,0.7,0.95,roleplay_engineer_v1,aprovado
120,2026-01-30T18:00:00,MTR-1019,2497,85.7,11.23,54.0,Desbalanceamento de rotor,alta,WO-20260119,"Inspeção do motor MTR-1019: temperatura 85.7°C, vibração 11.23 mm/s, corrente 54.0 A. Diagnóstico: Desbalanceamento de rotor. Ação recomendada: realinhar e lubrificar.",gemma-2-9b-it,0.2,0.95,zero_shot_diag_v1,aprovado
121,2026-01-31T00:00:00,MTR-1020,2377,109.8,9.64,49.7,Sobreaquecimento com desalinhamento,alta,WO-20260120,"Inspeção do motor MTR-1020: temperatura 109.8°C, vibração 9.64 mm/s, corrente 49.7 A. Diagnóstico: Sobreaquecimento com desalinhamento. Ação recomendada: realinhar e lubrificar.",gpt-4.1-mini,0.7,0.95,zero_shot_diag_v1,aprovado
122,2026-01-31T06:00:00,MTR-1021,2426,103.7,1.72,78.7,Operação normal,baixa,WO-20260121,"Inspeção do motor MTR-1021: temperatura 103.7°C, vibração 1.72 mm/s, corrente 78.7 A. Diagnóstico: Operação normal. Ação recomendada: manter monitoramento padrão.",llama-3.1-8b-instruct,0.4,0.9,roleplay_engineer_v1,aprovado
123,2026-01-31T12:00:00,MTR-1022,1796,60.9,5.86,69.5,Operação normal,baixa,WO-20260122,"Inspeção do motor MTR-1022: temperatura 60.9°C, vibração 5.86 mm/s, corrente 69.5 A. Diagnóstico: Operação normal. Ação recomendada: manter monitoramento padrão.",gpt-4.1-mini,0.2,0.85,zero_shot_diag_v1,aprovado
124,2026-01-31T18:00:00,MTR-1023,2766,85.3,3.92,88.0,Sobrecorrente por atrito mecânico,alta,WO-20260123,"Inspeção do motor MTR-1023: temperatura 85.3°C, vibração 3.92 mm/s, corrente 88.0 A. Diagnóstico: Sobrecorrente por atrito mecânico. Ação recomendada: realinhar e lubrificar.",gpt-4.1-mini,0.2,0.9,cot_analysis_v1,aprovado
125,2026-02-01T00:00:00,MTR-1024,1238,103.4,6.46,38.0,Operação normal,baixa,WO-20260124,"Inspeção do motor MTR-1024: temperatura 103.4°C, vibração 6.46 mm/s, corrente 38.0 A. Diagnóstico: Operação normal. Ação recomendada: manter monitoramento padrão.",gemma-2-9b-it,0.2,0.85,roleplay_engineer_v1,aprovado
126,2026-02-01T06:00:00,MTR-1000,2615,109.2,4.58,92.0,Sobrecorrente por atrito mecânico,alta,WO-20260125,"Inspeção do motor MTR-1000: temperatura 109.2°C, vibração 4.58 mm/s, corrente 92.0 A. Diagnóstico: Sobrecorrente por atrito mecânico. Ação recomendada: realinhar e lubrificar.",gemma-2-9b-it,0.4,0.9,cot_analysis_v1,aprovado
127,2026-02-01T12:00:00,MTR-1001,2775,100.5,2.41,45.5,Operação normal,baixa,WO-20260126,"Inspeção do motor MTR-1001: temperatura 100.5°C, vibração 2.41 mm/s, corrente 45.5 A. Diagnóstico: Operação normal. Ação recomendada: manter monitoramento padrão.",llama-3.1-8b-instruct,0.7,0.9,cot_analysis_v1,aprovado
128,2026-02-01T18:00:00,MTR-1002,1289,108.6,8.64,37.0,Sobreaquecimento com desalinhamento,alta,WO-20260127,"Inspeção do motor MTR-1002: temperatura 108.6°C, vibração 8.64 mm/s, corrente 37.0 A. Diagnóstico: Sobreaquecimento com desalinhamento. Ação recomendada: realinhar e lubrificar.",gemma-2-9b-it,0.7,0.95,zero_shot_diag_v1,aprovado
129,2026-02-02T00:00:00,MTR-1003,3234,99.1,11.4,77.1,Sobreaquecimento com desalinhamento,alta,WO-20260128,"Inspeção do motor MTR-1003: temperatura 99.1°C, vibração 11.4 mm/s, corrente 77.1 A. Diagnóstico: Sobreaquecimento com desalinhamento. Ação recomendada: realinhar e lubrificar.",gpt-4.1-mini,0.7,0.9,few_shot_os_v2,aprovado
130,2026-02-02T06:00:00,MTR-1004,2226,89.1,9.35,67.7,Operação normal,baixa,WO-20260129,"Inspeção do motor MTR-1004: temperatura 89.1°C, vibração 9.35 mm/s, corrente 67.7 A. Diagnóstico: Operação normal. Ação recomendada: manter monitoramento padrão.",gpt-4.1-mini,0.7,0.85,zero_shot_diag_v1,aprovado
131,2026-02-02T12:00:00,MTR-1005,2465,96.3,1.58,44.2,Operação normal,baixa,WO-20260130,"Inspeção do motor MTR-1005: temperatura 96.3°C, vibração 1.58 mm/s, corrente 44.2 A. Diagnóstico: Operação normal. Ação recomendada: manter monitoramento padrão.",gpt-4.1-mini,0.2,0.9,cot_analysis_v1,aprovado
132,2026-02-02T18:00:00,MTR-1006,2901,56.4,2.69,58.2,Operação normal,baixa,WO-20260131,"Inspeção do motor MTR-1006: temperatura 56.4°C, vibração 2.69 mm/s, corrente 58.2 A. Diagnóstico: Operação normal. Ação recomendada: manter monitoramento padrão.",llama-3.1-8b-instruct,0.7,0.95,cot_analysis_v1,aprovado
133,2026-02-03T00:00:00,MTR-1007,1873,61.7,10.52,53.5,Desbalanceamento de rotor,alta,WO-20260132,"Inspeção do motor MTR-1007: temperatura 61.7°C, vibração 10.52 mm/s, corrente 53.5 A. Diagnóstico: Desbalanceamento de rotor. Ação recomendada: realinhar e lubrificar.",llama-3.1-8b-instruct,0.7,0.9,zero_shot_diag_v1,aprovado
134,2026-02-03T06:00:00,MTR-1008,1508,54.1,12.12,83.8,Desbalanceamento de rotor,alta,WO-20260133,"Inspeção do motor MTR-1008: temperatura 54.1°C, vibração 12.12 mm/s, corrente 83.8 A. Diagnóstico: Desbalanceamento de rotor. Ação recomendada: realinhar e lubrificar.",gemma-2-9b-it,0.7,0.9,cot_analysis_v1,aprovado
135,2026-02-03T12:00:00,MTR-1009,2816,45.9,7.26,51.4,Operação normal,baixa,WO-20260134,"Inspeção do motor MTR-1009: temperatura 45.9°C, vibração 7.26 mm/s, corrente 51.4 A. Diagnóstico: Operação normal. Ação recomendada: manter monitoramento padrão.",gemma-2-9b-it,0.7,0.95,cot_analysis_v1,aprovado
136,2026-02-03T18:00:00,MTR-1010,3594,69.8,8.42,44.7,Operação normal,baixa,WO-20260135,"Inspeção do motor MTR-1010: temperatura 69.8°C, vibração 8.42 mm/s, corrente 44.7 A. Diagnóstico: Operação normal. Ação recomendada: manter monitoramento padrão.",gemma-2-9b-it,0.2,0.9,zero_shot_diag_v1,aprovado
137,2026-02-04T00:00:00,MTR-1011,3499,66.3,8.09,66.8,Operação normal,baixa,WO-20260136,"Inspeção do motor MTR-1011: temperatura 66.3°C, vibração 8.09 mm/s, corrente 66.8 A. Diagnóstico: Operação normal. Ação recomendada: manter monitoramento padrão.",gemma-2-9b-it,0.4,0.95,cot_analysis_v1,aprovado
138,2026-02-04T06:00:00,MTR-1012,2872,52.6,1.71,18.0,Operação normal,baixa,WO-20260137,"Inspeção do motor MTR-1012: temperatura 52.6°C, vibração 1.71 mm/s, corrente 18.0 A. Diagnóstico: Operação normal. Ação recomendada: manter monitoramento padrão.",llama-3.1-8b-instruct,0.2,0.85,few_shot_os_v2,aprovado
139,2026-02-04T12:00:00,MTR-1013,3401,53.8,6.33,68.6,Operação normal,baixa,WO-20260138,"Inspeção do motor MTR-1013: temperatura 53.8°C, vibração 6.33 mm/s, corrente 68.6 A. Diagnóstico: Operação normal. Ação recomendada: manter monitoramento padrão.",gemma-2-9b-it,0.7,0.95,roleplay_engineer_v1,aprovado
140,2026-02-04T18:00:00,MTR-1014,1832,102.6,8.6,81.7,Sobreaquecimento com desalinhamento,alta,WO-20260139,"Inspeção do motor MTR-1014: temperatura 102.6°C, vibração 8.6 mm/s, corrente 81.7 A. Diagnóstico: Sobreaquecimento com desalinhamento. Ação recomendada: realinhar e lubrificar.",gemma-2-9b-it,0.4,0.9,zero_shot_diag_v1,aprovado
141,2026-02-05T00:00:00,MTR-1015,2089,73.8,11.94,83.4,Desbalanceamento de rotor,alta,WO-20260140,"Inspeção do motor MTR-1015: temperatura 73.8°C, vibração 11.94 mm/s, corrente 83.4 A. Diagnóstico: Desbalanceamento de rotor. Ação recomendada: realinhar e lubrificar.",gpt-4.1-mini,0.7,0.9,cot_analysis_v1,aprovado
142,2026-02-05T06:00:00,MTR-1016,2330,57.3,2.58,82.8,Operação normal,baixa,WO-20260141,"Inspeção do motor MTR-1016: temperatura 57.3°C, vibração 2.58 mm/s, corrente 82.8 A. Diagnóstico: Operação normal. Ação recomendada: manter monitoramento padrão.",llama-3.1-8b-instruct,0.2,0.95,few_shot_os_v2,aprovado
143,2026-02-05T12:00:00,MTR-1017,1287,48.3,4.97,94.1,Sobrecorrente por atrito mecânico,alta,WO-20260142,"Inspeção do motor MTR-1017: temperatura 48.3°C, vibração 4.97 mm/s, corrente 94.1 A. Diagnóstico: Sobrecorrente por atrito mecânico. Ação recomendada: realinhar e lubrificar.",gemma-2-9b-it,0.2,0.85,few_shot_os_v2,aprovado
144,2026-02-05T18:00:00,MTR-1018,2154,66.4,2.87,87.0,Sobrecorrente por atrito mecânico,alta,WO-20260143,"Inspeção do motor MTR-1018: temperatura 66.4°C, vibração 2.87 mm/s, corrente 87.0 A. Diagnóstico: Sobrecorrente por atrito mecânico. Ação recomendada: realinhar e lubrificar.",gpt-4.1-mini,0.4,0.85,few_shot_os_v2,aprovado
145,2026-02-06T00:00:00,MTR-1019,1914,52.1,10.99,25.5,Desbalanceamento de rotor,alta,WO-20260144,"Inspeção do motor MTR-1019: temperatura 52.1°C, vibração 10.99 mm/s, corrente 25.5 A. Diagnóstico: Desbalanceamento de rotor. Ação recomendada: realinhar e lubrificar.",llama-3.1-8b-instruct,0.2,0.95,cot_analysis_v1,revisar
146,2026-02-06T06:00:00,MTR-1020,2286,48.4,9.58,57.1,Operação normal,baixa,WO-20260145,"Inspeção do motor MTR-1020: temperatura 48.4°C, vibração 9.58 mm/s, corrente 57.1 A. Diagnóstico: Operação normal. Ação recomendada: manter monitoramento padrão.",gemma-2-9b-it,0.2,0.9,roleplay_engineer_v1,aprovado
147,2026-02-06T12:00:00,MTR-1021,2682,78.4,2.43,55.3,Operação normal,baixa,WO-20260146,"Inspeção do motor MTR-1021: temperatura 78.4°C, vibração 2.43 mm/s, corrente 55.3 A. Diagnóstico: Operação normal. Ação recomendada: manter monitoramento padrão.",gemma-2-9b-it,0.2,0.95,cot_analysis_v1,aprovado
148,2026-02-06T18:00:00,MTR-1022,3076,86.8,1.55,94.9,Sobrecorrente por atrito mecânico,alta,WO-20260147,"Inspeção do motor MTR-1022: temperatura 86.8°C, vibração 1.55 mm/s, corrente 94.9 A. Diagnóstico: Sobrecorrente por atrito mecânico. Ação recomendada: realinhar e lubrificar.",llama-3.1-8b-instruct,0.4,0.95,zero_shot_diag_v1,aprovado
149,2026-02-07T00:00:00,MTR-1023,3016,49.8,2.11,63.7,Operação normal,baixa,WO-20260148,"Inspeção do motor MTR-1023: temperatura 49.8°C, vibração 2.11 mm/s, corrente 63.7 A. Diagnóstico: Operação normal. Ação recomendada: manter monitoramento padrão.",gpt-4.1-mini,0.2,0.9,cot_analysis_v1,aprovado
150,2026-02-07T06:00:00,MTR-1024,2760,109.7,7.2,51.3,Operação normal,baixa,WO-20260149,"Inspeção do motor MTR-1024: temperatura 109.7°C, vibração 7.2 mm/s, corrente 51.3 A. Diagnóstico: Operação normal. Ação recomendada: manter monitoramento padrão.",gemma-2-9b-it,0.4,0.85,zero_shot_diag_v1,aprovado
151,2026-02-07T12:00:00,MTR-1000,3458,91.9,3.63,51.1,Operação normal,baixa,WO-20260150,"Inspeção do motor MTR-1000: temperatura 91.9°C, vibração 3.63 mm/s, corrente 51.1 A. Diagnóstico: Operação normal. Ação recomendada: manter monitoramento padrão.",gpt-4.1-mini,0.4,0.9,roleplay_engineer_v1,aprovado
152,2026-02-07T18:00:00,MTR-1001,2833,72.0,2.27,49.1,Operação normal,baixa,WO-20260151,"Inspeção do motor MTR-1001: temperatura 72.0°C, vibração 2.27 mm/s, corrente 49.1 A. Diagnóstico: Operação normal. Ação recomendada: manter monitoramento padrão.",gemma-2-9b-it,0.4,0.9,few_shot_os_v2,aprovado
153,2026-02-08T00:00:00,MTR-1002,3142,49.4,10.6,22.5,Desbalanceamento de rotor,alta,WO-20260152,"Inspeção do motor MTR-1002: temperatura 49.4°C, vibração 10.6 mm/s, corrente 22.5 A. Diagnóstico: Desbalanceamento de rotor. Ação recomendada: realinhar e lubrificar.",gpt-4.1-mini,0.7,0.95,cot_analysis_v1,aprovado
154,2026-02-08T06:00:00,MTR-1003,3478,48.9,12.01,59.9,Desbalanceamento de rotor,alta,WO-20260153,"Inspeção do motor MTR-1003: temperatura 48.9°C, vibração 12.01 mm/s, corrente 59.9 A. Diagnóstico: Desbalanceamento de rotor. Ação recomendada: realinhar e lubrificar.",gemma-2-9b-it,0.2,0.9,cot_analysis_v1,aprovado
155,2026-02-08T12:00:00,MTR-1004,2932,101.4,9.35,92.5,Sobreaquecimento com desalinhamento,alta,WO-20260154,"Inspeção do motor MTR-1004: temperatura 101.4°C, vibração 9.35 mm/s, corrente 92.5 A. Diagnóstico: Sobreaquecimento com desalinhamento. Ação recomendada: realinhar e lubrificar.",gemma-2-9b-it,0.4,0.9,zero_shot_diag_v1,aprovado
156,2026-02-08T18:00:00,MTR-1005,2071,55.1,6.65,82.8,Operação normal,baixa,WO-20260155,"Inspeção do motor MTR-1005: temperatura 55.1°C, vibração 6.65 mm/s, corrente 82.8 A. Diagnóstico: Operação normal. Ação recomendada: manter monitoramento padrão.",llama-3.1-8b-instruct,0.7,0.9,zero_shot_diag_v1,aprovado
157,2026-02-09T00:00:00,MTR-1006,2341,82.3,10.32,82.6,Desbalanceamento de rotor,alta,WO-20260156,"Inspeção do motor MTR-1006: temperatura 82.3°C, vibração 10.32 mm/s, corrente 82.6 A. Diagnóstico: Desbalanceamento de rotor. Ação recomendada: realinhar e lubrificar.",gemma-2-9b-it,0.7,0.95,zero_shot_diag_v1,aprovado
158,2026-02-09T06:00:00,MTR-1007,2295,46.9,4.29,76.0,Operação normal,baixa,WO-20260157,"Inspeção do motor MTR-1007: temperatura 46.9°C, vibração 4.29 mm/s, corrente 76.0 A. Diagnóstico: Operação normal. Ação recomendada: manter monitoramento padrão.",llama-3.1-8b-instruct,0.4,0.85,few_shot_os_v2,aprovado
159,2026-02-09T12:00:00,MTR-1008,1786,81.8,5.73,26.3,Operação normal,baixa,WO-20260158,"Inspeção do motor MTR-1008: temperatura 81.8°C, vibração 5.73 mm/s, corrente 26.3 A. Diagnóstico: Operação normal. Ação recomendada: manter monitoramento padrão.",gemma-2-9b-it,0.2,0.85,few_shot_os_v2,aprovado
160,2026-02-09T18:00:00,MTR-1009,2740,72.3,5.05,44.6,Operação normal,baixa,WO-20260159,"Inspeção do motor MTR-1009: temperatura 72.3°C, vibração 5.05 mm/s, corrente 44.6 A. Diagnóstico: Operação normal. Ação recomendada: manter monitoramento padrão.",gemma-2-9b-it,0.4,0.95,zero_shot_diag_v1,aprovado
161,2026-02-10T00:00:00,MTR-1010,1415,55.1,9.73,19.0,Operação normal,baixa,WO-20260160,"Inspeção do motor MTR-1010: temperatura 55.1°C, vibração 9.73 mm/s, corrente 19.0 A. Diagnóstico: Operação normal. Ação recomendada: manter monitoramento padrão.",gpt-4.1-mini,0.4,0.9,roleplay_engineer_v1,aprovado
162,2026-02-10T06:00:00,MTR-1011,3189,84.5,5.88,32.2,Operação normal,baixa,WO-20260161,"Inspeção do motor MTR-1011: temperatura 84.5°C, vibração 5.88 mm/s, corrente 32.2 A. Diagnóstico: Operação normal. Ação recomendada: manter monitoramento padrão.",gemma-2-9b-it,0.2,0.9,roleplay_engineer_v1,aprovado
163,2026-02-10T12:00:00,MTR-1012,1654,63.4,8.87,53.9,Operação normal,baixa,WO-20260162,"Inspeção do motor MTR-1012: temperatura 63.4°C, vibração 8.87 mm/s, corrente 53.9 A. Diagnóstico: Operação normal. Ação recomendada: manter monitoramento padrão.",gemma-2-9b-it,0.4,0.85,few_shot_os_v2,aprovado
164,2026-02-10T18:00:00,MTR-1013,2818,109.0,1.82,31.4,Operação normal,baixa,WO-20260163,"Inspeção do motor MTR-1013: temperatura 109.0°C, vibração 1.82 mm/s, corrente 31.4 A. Diagnóstico: Operação normal. Ação recomendada: manter monitoramento padrão.",gpt-4.1-mini,0.2,0.9,cot_analysis_v1,aprovado
165,2026-02-11T00:00:00,MTR-1014,2543,52.8,6.82,49.5,Operação normal,baixa,WO-20260164,"Inspeção do motor MTR-1014: temperatura 52.8°C, vibração 6.82 mm/s, corrente 49.5 A. Diagnóstico: Operação normal. Ação recomendada: manter monitoramento padrão.",gpt-4.1-mini,0.4,0.95,few_shot_os_v2,aprovado
166,2026-02-11T06:00:00,MTR-1015,3249,81.3,8.75,43.3,Operação normal,baixa,WO-20260165,"Inspeção do motor MTR-1015: temperatura 81.3°C, vibração 8.75 mm/s, corrente 43.3 A. Diagnóstico: Operação normal. Ação recomendada: manter monitoramento padrão.",llama-3.1-8b-instruct,0.7,0.85,roleplay_engineer_v1,aprovado
167,2026-02-11T12:00:00,MTR-1016,1276,74.9,2.08,40.0,Operação normal,baixa,WO-20260166,"Inspeção do motor MTR-1016: temperatura 74.9°C, vibração 2.08 mm/s, corrente 40.0 A. Diagnóstico: Operação normal. Ação recomendada: manter monitoramento padrão.",llama-3.1-8b-instruct,0.7,0.9,roleplay_engineer_v1,aprovado
168,2026-02-11T18:00:00,MTR-1017,2385,52.5,1.44,41.0,Operação normal,baixa,WO-20260167,"Inspeção do motor MTR-1017: temperatura 52.5°C, vibração 1.44 mm/s, corrente 41.0 A. Diagnóstico: Operação normal. Ação recomendada: manter monitoramento padrão.",gemma-2-9b-it,0.4,0.95,cot_analysis_v1,aprovado
169,2026-02-12T00:00:00,MTR-1018,1560,73.4,2.4,49.9,Operação normal,baixa,WO-20260168,"Inspeção do motor MTR-1018: temperatura 73.4°C, vibração 2.4 mm/s, corrente 49.9 A. Diagnóstico: Operação normal. Ação recomendada: manter monitoramento padrão.",llama-3.1-8b-instruct,0.7,0.85,roleplay_engineer_v1,aprovado
170,2026-02-12T06:00:00,MTR-1019,2470,93.5,3.7,77.3,Operação normal,baixa,WO-20260169,"Inspeção do motor MTR-1019: temperatura 93.5°C, vibração 3.7 mm/s, corrente 77.3 A. Diagnóstico: Operação normal. Ação recomendada: manter monitoramento padrão.",gpt-4.1-mini,0.7,0.95,zero_shot_diag_v1,aprovado
171,2026-02-12T12:00:00,MTR-1020,3373,78.1,11.44,43.0,Desbalanceamento de rotor,alta,WO-20260170,"Inspeção do motor MTR-1020: temperatura 78.1°C, vibração 11.44 mm/s, corrente 43.0 A. Diagnóstico: Desbalanceamento de rotor. Ação recomendada: realinhar e lubrificar.",gemma-2-9b-it,0.7,0.85,few_shot_os_v2,aprovado
172,2026-02-12T18:00:00,MTR-1021,2248,57.8,8.01,75.8,Operação normal,baixa,WO-20260171,"Inspeção do motor MTR-1021: temperatura 57.8°C, vibração 8.01 mm/s, corrente 75.8 A. Diagnóstico: Operação normal. Ação recomendada: manter monitoramento padrão.",gemma-2-9b-it,0.2,0.85,roleplay_engineer_v1,aprovado
173,2026-02-13T00:00:00,MTR-1022,3100,94.0,9.79,50.9,Operação normal,baixa,WO-20260172,"Inspeção do motor MTR-1022: temperatura 94.0°C, vibração 9.79 mm/s, corrente 50.9 A. Diagnóstico: Operação normal. Ação recomendada: manter monitoramento padrão.",gemma-2-9b-it,0.7,0.95,cot_analysis_v1,aprovado
174,2026-02-13T06:00:00,MTR-1023,2494,54.8,1.97,50.4,Operação normal,baixa,WO-20260173,"Inspeção do motor MTR-1023: temperatura 54.8°C, vibração 1.97 mm/s, corrente 50.4 A. Diagnóstico: Operação normal. Ação recomendada: manter monitoramento padrão.",llama-3.1-8b-instruct,0.4,0.95,zero_shot_diag_v1,aprovado
175,2026-02-13T12:00:00,MTR-1024,2641,78.0,4.71,51.2,Operação normal,baixa,WO-20260174,"Inspeção do motor MTR-1024: temperatura 78.0°C, vibração 4.71 mm/s, corrente 51.2 A. Diagnóstico: Operação normal. Ação recomendada: manter monitoramento padrão.",gpt-4.1-mini,0.4,0.9,zero_shot_diag_v1,aprovado
176,2026-02-13T18:00:00,MTR-1000,1569,85.0,6.93,52.0,Operação normal,baixa,WO-20260175,"Inspeção do motor MTR-1000: temperatura 85.0°C, vibração 6.93 mm/s, corrente 52.0 A. Diagnóstico: Operação normal. Ação recomendada: manter monitoramento padrão.",gemma-2-9b-it,0.7,0.85,roleplay_engineer_v1,aprovado
177,2026-02-14T00:00:00,MTR-1001,3541,87.4,4.83,53.1,Operação normal,baixa,WO-20260176,"Inspeção do motor MTR-1001: temperatura 87.4°C, vibração 4.83 mm/s, corrente 53.1 A. Diagnóstico: Operação normal. Ação recomendada: manter monitoramento padrão.",gpt-4.1-mini,0.2,0.9,zero_shot_diag_v1,aprovado
178,2026-02-14T06:00:00,MTR-1002,2606,108.9,2.15,66.7,Operação normal,baixa,WO-20260177,"Inspeção do motor MTR-1002: temperatura 108.9°C, vibração 2.15 mm/s, corrente 66.7 A. Diagnóstico: Operação normal. Ação recomendada: manter monitoramento padrão.",gpt-4.1-mini,0.2,0.95,roleplay_engineer_v1,aprovado
179,2026-02-14T12:00:00,MTR-1003,2999,79.1,8.09,44.1,Operação normal,baixa,WO-20260178,"Inspeção do motor MTR-1003: temperatura 79.1°C, vibração 8.09 mm/s, corrente 44.1 A. Diagnóstico: Operação normal. Ação recomendada: manter monitoramento padrão.",llama-3.1-8b-instruct,0.4,0.9,cot_analysis_v1,aprovado
180,2026-02-14T18:00:00,MTR-1004,1414,96.3,8.51,20.3,Sobreaquecimento com desalinhamento,alta,WO-20260179,"Inspeção do motor MTR-1004: temperatura 96.3°C, vibração 8.51 mm/s, corrente 20.3 A. Diagnóstico: Sobreaquecimento com desalinhamento. Ação recomendada: realinhar e lubrificar.",gpt-4.1-mini,0.7,0.95,roleplay_engineer_v1,aprovado
181,2026-02-15T00:00:00,MTR-1005,1815,66.7,7.78,26.3,Operação normal,baixa,WO-20260180,"Inspeção do motor MTR-1005: temperatura 66.7°C, vibração 7.78 mm/s, corrente 26.3 A. Diagnóstico: Operação normal. Ação recomendada: manter monitoramento padrão.",llama-3.1-8b-instruct,0.4,0.95,roleplay_engineer_v1,aprovado
182,2026-02-15T06:00:00,MTR-1006,1728,83.7,11.8,39.8,Desbalanceamento de rotor,alta,WO-20260181,"Inspeção do motor MTR-1006: temperatura 83.7°C, vibração 11.8 mm/s, corrente 39.8 A. Diagnóstico: Desbalanceamento de rotor. Ação recomendada: realinhar e lubrificar.",llama-3.1-8b-instruct,0.7,0.9,few_shot_os_v2,aprovado
183,2026-02-15T12:00:00,MTR-1007,3356,51.1,8.78,55.7,Operação normal,baixa,WO-20260182,"Inspeção do motor MTR-1007: temperatura 51.1°C, vibração 8.78 mm/s, corrente 55.7 A. Diagnóstico: Operação normal. Ação recomendada: manter monitoramento padrão.",gpt-4.1-mini,0.4,0.9,few_shot_os_v2,aprovado
184,2026-02-15T18:00:00,MTR-1008,2077,67.2,9.86,30.4,Operação normal,baixa,WO-20260183,"Inspeção do motor MTR-1008: temperatura 67.2°C, vibração 9.86 mm/s, corrente 30.4 A. Diagnóstico: Operação normal. Ação recomendada: manter monitoramento padrão.",gpt-4.1-mini,0.2,0.85,cot_analysis_v1,aprovado
185,2026-02-16T00:00:00,MTR-1009,1614,78.0,7.3,74.1,Operação normal,baixa,WO-20260184,"Inspeção do motor MTR-1009: temperatura 78.0°C, vibração 7.3 mm/s, corrente 74.1 A. Diagnóstico: Operação normal. Ação recomendada: manter monitoramento padrão.",gemma-2-9b-it,0.2,0.95,cot_analysis_v1,aprovado
186,2026-02-16T06:00:00,MTR-1010,1736,83.8,2.94,29.5,Operação normal,baixa,WO-20260185,"Inspeção do motor MTR-1010: temperatura 83.8°C, vibração 2.94 mm/s, corrente 29.5 A. Diagnóstico: Operação normal. Ação recomendada: manter monitoramento padrão.",gemma-2-9b-it,0.7,0.85,roleplay_engineer_v1,aprovado
187,2026-02-16T12:00:00,MTR-1011,1378,71.7,8.84,34.0,Operação normal,baixa,WO-20260186,"Inspeção do motor MTR-1011: temperatura 71.7°C, vibração 8.84 mm/s, corrente 34.0 A. Diagnóstico: Operação normal. Ação recomendada: manter monitoramento padrão.",llama-3.1-8b-instruct,0.7,0.9,roleplay_engineer_v1,aprovado
188,2026-02-16T18:00:00,MTR-1012,2158,79.7,4.7,79.7,Operação normal,baixa,WO-20260187,"Inspeção do motor MTR-1012: temperatura 79.7°C, vibração 4.7 mm/s, corrente 79.7 A. Diagnóstico: Operação normal. Ação recomendada: manter monitoramento padrão.",llama-3.1-8b-instruct,0.2,0.9,roleplay_engineer_v1,aprovado
189,2026-02-17T00:00:00,MTR-1013,3091,95.0,9.99,55.2,Operação normal,baixa,WO-20260188,"Inspeção do motor MTR-1013: temperatura 95.0°C, vibração 9.99 mm/s, corrente 55.2 A. Diagnóstico: Operação normal. Ação recomendada: manter monitoramento padrão.",llama-3.1-8b-instruct,0.2,0.85,few_shot_os_v2,aprovado
190,2026-02-17T06:00:00,MTR-1014,2224,48.4,6.63,44.7,Operação normal,baixa,WO-20260189,"Inspeção do motor MTR-1014: temperatura 48.4°C, vibração 6.63 mm/s, corrente 44.7 A. Diagnóstico: Operação normal. Ação recomendada: manter monitoramento padrão.",gpt-4.1-mini,0.7,0.95,zero_shot_diag_v1,aprovado
191,2026-02-17T12:00:00,MTR-1015,2367,50.5,3.01,50.9,Operação normal,baixa,WO-20260190,"Inspeção do motor MTR-1015: temperatura 50.5°C, vibração 3.01 mm/s, corrente 50.9 A. Diagnóstico: Operação normal. Ação recomendada: manter monitoramento padrão.",gemma-2-9b-it,0.2,0.9,zero_shot_diag_v1,aprovado
192,2026-02-17T18:00:00,MTR-1016,2109,98.1,11.2,89.4,Sobreaquecimento com desalinhamento,alta,WO-20260191,"Inspeção do motor MTR-1016: temperatura 98.1°C, vibração 11.2 mm/s, corrente 89.4 A. Diagnóstico: Sobreaquecimento com desalinhamento. Ação recomendada: realinhar e lubrificar.",llama-3.1-8b-instruct,0.2,0.9,cot_analysis_v1,aprovado
193,2026-02-18T00:00:00,MTR-1017,1534,69.4,1.52,89.5,Sobrecorrente por atrito mecânico,alta,WO-20260192,"Inspeção do motor MTR-1017: temperatura 69.4°C, vibração 1.52 mm/s, corrente 89.5 A. Diagnóstico: Sobrecorrente por atrito mecânico. Ação recomendada: realinhar e lubrificar.",gemma-2-9b-it,0.7,0.9,few_shot_os_v2,aprovado
194,2026-02-18T06:00:00,MTR-1018,2375,104.6,6.54,81.5,Operação normal,baixa,WO-20260193,"Inspeção do motor MTR-1018: temperatura 104.6°C, vibração 6.54 mm/s, corrente 81.5 A. Diagnóstico: Operação normal. Ação recomendada: manter monitoramento padrão.",gemma-2-9b-it,0.4,0.9,zero_shot_diag_v1,aprovado
195,2026-02-18T12:00:00,MTR-1019,1524,46.2,3.64,27.0,Operação normal,baixa,WO-20260194,"Inspeção do motor MTR-1019: temperatura 46.2°C, vibração 3.64 mm/s, corrente 27.0 A. Diagnóstico: Operação normal. Ação recomendada: manter monitoramento padrão.",gemma-2-9b-it,0.7,0.95,roleplay_engineer_v1,aprovado
196,2026-02-18T18:00:00,MTR-1020,1655,95.5,3.89,24.7,Operação normal,baixa,WO-20260195,"Inspeção do motor MTR-1020: temperatura 95.5°C, vibração 3.89 mm/s, corrente 24.7 A. Diagnóstico: Operação normal. Ação recomendada: manter monitoramento padrão.",gpt-4.1-mini,0.4,0.95,roleplay_engineer_v1,aprovado
197,2026-02-19T00:00:00,MTR-1021,1457,52.2,11.43,62.7,Desbalanceamento de rotor,alta,WO-20260196,"Inspeção do motor MTR-1021: temperatura 52.2°C, vibração 11.43 mm/s, corrente 62.7 A. Diagnóstico: Desbalanceamento de rotor. Ação recomendada: realinhar e lubrificar.",gpt-4.1-mini,0.7,0.95,few_shot_os_v2,aprovado
198,2026-02-19T06:00:00,MTR-1022,2393,72.9,8.15,34.2,Operação normal,baixa,WO-20260197,"Inspeção do motor MTR-1022: temperatura 72.9°C, vibração 8.15 mm/s, corrente 34.2 A. Diagnóstico: Operação normal. Ação recomendada: manter monitoramento padrão.",llama-3.1-8b-instruct,0.2,0.95,zero_shot_diag_v1,aprovado
199,2026-02-19T12:00:00,MTR-1023,3344,108.4,1.96,57.1,Operação normal,baixa,WO-20260198,"Inspeção do motor MTR-1023: temperatura 108.4°C, vibração 1.96 mm/s, corrente 57.1 A. Diagnóstico: Operação normal. Ação recomendada: manter monitoramento padrão.",gemma-2-9b-it,0.7,0.95,zero_shot_diag_v1,aprovado
200,2026-02-19T18:00:00,MTR-1024,2799,101.8,1.69,46.0,Operação normal,baixa,WO-20260199,"Inspeção do motor MTR-1024: temperatura 101.8°C, vibração 1.69 mm/s, corrente 46.0 A. Diagnóstico: Operação normal. Ação recomendada: manter monitoramento padrão.",llama-3.1-8b-instruct,0.4,0.95,zero_shot_diag_v1,aprovado
